{
  "gender": {
    "男": 219877,
    "女": 180123
  },
  "content_pref": {
    "视频": 262606,
    "图文": 137394
  },
  "category": {
    "健康养生": 36104,
    "情景剧": 35379,
    "军事": 22462,
    "国际": 21873,
    "家居": 9497,
    "科技": 9459,
    "法律": 9443,
    "历史": 9440,
    "财经": 9428,
    "科学": 9383
  },
  "category_agg": {
    "军事国际": 44335,
    "影视综": 43200,
    "大健康": 38299,
    "房产家居": 21217,
    "动漫游戏": 20337,
    "财经法律": 18871,
    "科学科技": 18842,
    "生活分享": 16528,
    "美妆时尚": 14722,
    "动植物/自然": 14680,
    "社会文化": 14470,
    "唱跳才艺": 13346,
    "数码摄影": 12523,
    "体育户外": 10897,
    "搞笑": 10562,
    "知识教育": 10007,
    "时事热点": 9773,
    "情感": 9737,
    "三农农村": 9555,
    "历史": 9440,
    "汽车交通": 7641,
    "美食": 7177,
    "旅游": 7152,
    "无偏好": 6457,
    "机械生产": 5355,
    "手工工艺": 4877
  },
  "age": {
    "50-52": 126582,
    "56-58": 88130,
    "53-55": 78920,
    "62-64": 32055,
    "65-67": 31014,
    "59-61": 19022,
    "68-70": 14345,
    "71-73": 6075,
    "74-76": 2550,
    "77-79": 1307
  },
  "os": {
    "安卓": 292368,
    "ios": 107632
  },
  "city_level": {
    "二线城市": 92585,
    "新一线城市": 86752,
    "五线城市": 46695,
    "三线城市": 46296,
    "四线城市": 44280,
    "一线城市": 42600,
    "五线以下城市": 40792
  },
  "consumption": {
    "中": 206136,
    "低": 112728,
    "高": 81136
  },
  "numerical": {
    "all_dura": {
      "mean": 2153.8043580371805,
      "median": 1807.5353285,
      "std": 4029.4335702142102,
      "min": 0.258135929,
      "max": 79993.0
    },
    "ctr_rate": {
      "mean": 0.295150475,
      "median": 0.24,
      "std": 0.2160640103451192
    },
    "interaction_rate": {
      "mean": 0.0772354771200882,
      "median": 0.0442,
      "std": 0.08906093952759944
    }
  },
  "gender_metrics": {
    "all_dura": {
      "女": 2110.973830536217,
      "男": 2188.8910797272883
    },
    "ctr_rate": {
      "女": 0.3063883568450448,
      "男": 0.28594441437712903
    },
    "interaction_rate": {
      "女": 0.06962629048601182,
      "男": 0.08346891456051965
    }
  },
  "content_metrics": {
    "all_dura": {
      "图文": 2155.126914440062,
      "视频": 2153.112403876127
    },
    "ctr_rate": {
      "图文": 0.28431751022606516,
      "视频": 0.30081822197512625
    },
    "interaction_rate": {
      "图文": 0.11481280992882525,
      "视频": 0.05757522539726538
    }
  },
  "os_metrics": {
    "all_dura": {
      "ios": 2148.036113258019,
      "安卓": 2155.9278726559846
    },
    "ctr_rate": {
      "ios": 0.2948813549873644,
      "安卓": 0.2952495485142013
    },
    "interaction_rate": {
      "ios": 0.07720268875543441,
      "安卓": 0.07724754778878117
    }
  }
}